{"Algorithm": "lr", "_timestamp": 1710350862.452023, "_runtime": 1.8543059825897217, "_step": 4, "Best F1 Score": 0.7641914476990197, "Best Parameters": {"classifier__C": 10, "classifier__penalty": "l1", "classifier__solver": "saga"}, "Test Accuracy": 0.7482517482517482, "Test F1 Score": 0.6666666666666666, "_wandb": {"runtime": 0}}